﻿Estacio;Longitud;Latitud;Codi_districte;Nom_districte;Codi_barri;Nom_barri
4;2,2045;41,4039;10;Sant Marti;68;el Poblenou
42;2,1331;41,3788;3;Sants-Montjuic;18;Sants
43;2,1538;41,3853;5;Eixample;9;la Nova Esquerra de l'Eixample
44;2,1534;41,3987;6;Gracia;31;la Vila de Gracia
50;2,1874;41,3864;1;Ciutat Vella;4;Sant Pere, Santa Caterina i la Ribera
54;2,148;41,4261;7;Horta-Guinardo;41;la Vall d'Hebron
57;2,1151;41,3875;4;Les Corts;21;Pedralbes
58;2,1239;41,41843;5;Sarria-Sant Gervasi;22;Vallvidrera-el Tibidabo-les Planes
59;2,186138;41,421039;7;Horta-Guinardo;35;El Guinardó
60;2,183060;41,44767;8;Latrinitat Nova;53;Nou Barris 
61;2,14073;41,35099;3;La Marina del Prat ;12;Sants-Montjuic
;;;;;;
